Id,Prediction
0,0.9996733374408282
1,0.9999288228240071
2,0.9999057197414869
3,5.920026714314986e-08
4,0.22507671363159737
5,0.9999995754038729
6,9.56984408262148e-07
7,2.238077795867614e-05
8,0.9994575346093107
9,0.9987016420477446
10,0.99933931513803
11,0.840131270894832
12,1.2264280189790873e-05
13,3.3032058761543196e-05
14,0.002721570280320641
15,0.9781431153395276
16,0.9965837300029448
17,0.0028313345537099763
18,9.649973574879097e-07
19,0.6335888617544265
20,1.7255396562148572e-06
21,0.0002146056979155997
22,0.003990841827754089
23,0.9999997457011205
24,2.9235451739612324e-07
25,0.002850103027943699
26,0.998625387199043
27,0.295219258796411
28,0.9871221153429286
29,0.9999956500965204
30,0.9956755613426553
31,0.9999989145938987
32,1.4792075558728403e-06
33,0.9303728792147545
34,0.9999950511010078
35,3.9590043164353174e-05
36,0.9999980721337473
37,0.9999975697883972
38,0.9993357965401264
39,0.3042000240084689
40,0.9999888878098684
41,0.018987891341246465
42,2.4675738870205606e-05
43,5.251918026365298e-07
44,0.0007257078996158907
45,0.00021953401702500038
46,0.3984976447263908
47,0.7139121318121756
48,0.9999652173036383
49,0.9999993648873257
50,0.9967205176293035
51,0.9999999985531363
52,0.9988016031312905
53,1.683429357555189e-08
54,0.9999999797536185
55,0.002090540329919179
56,0.9999360317651993
57,0.989282016200305
58,0.941743672148609
59,0.9999159384238235
60,3.551382393397355e-10
61,3.590654278886651e-05
62,0.9856144509301631
63,1.1424689987827154e-08
64,0.9993197414074872
65,0.9999542971098015
66,0.000776144577570474
67,0.4177654723563371
68,0.9988786218960108
69,2.573360675224749e-10
70,2.8391938334162004e-07
71,0.9999926419758352
72,0.9999941374244464
73,0.9999999935508457
74,0.9997321639406792
75,0.9999954477914904
76,0.00011200362514398033
77,4.38772537019351e-08
78,0.999999480624781
79,0.9985143754553094
80,0.9999939098042575
81,2.034803058219986e-06
82,0.0021667238458930285
83,0.9826250585598651
84,0.9992574824415851
85,0.0022722600438595756
86,0.9999896614772931
87,2.22333441243516e-06
88,0.9999999741834333
89,0.9999988580944387
90,0.9997003631542658
91,7.667928776683468e-05
92,2.6058816707445e-06
93,0.9999988922754708
94,0.9999174607808696
95,0.6729982396826749
96,2.850944432579386e-08
97,0.9999304364040785
98,1.9704109146214196e-06
99,0.9999997787587073
100,0.00572945930195281
101,0.9999421211296542
102,0.9804842663629625
103,0.0017962773484748796
104,0.9991703307249131
105,0.0001077137920291443
106,0.002294552136848362
107,0.9999999429109666
108,6.037461963975199e-06
109,0.9999999947115257
110,0.9999943557599558
111,3.926613325642014e-05
112,0.9999963490311466
113,0.010488570719591365
114,0.4622026378988199
115,1.977630600611145e-07
116,0.0025126557851614466
117,0.9985388211452848
118,0.8046825691753677
119,0.999641959412448
120,0.02323619873658472
121,0.9999999976486578
122,8.725919910717612e-08
123,0.996763955676208
124,0.9999999313501564
125,0.9803627614423029
126,0.0002832601800476073
127,8.198255588893188e-06
128,0.999996021502952
129,0.9999998071955588
130,0.9999999882394085
131,1.1390343552120947e-05
132,0.006780343394571625
133,0.9986461367831138
134,1.8397912187116095e-05
135,0.00027882152898117403
136,0.9852297366860837
137,0.00010489867363626897
138,0.9999484955411839
139,0.9994648516079583
140,0.9489592078902622
141,0.9999861444099345
142,0.9999924307940458
143,0.0007495488479224103
144,0.6322120116047206
145,1.0269680466483766e-06
146,0.9999857756678866
147,0.9922649957035511
148,0.03657304159911297
149,0.000460098889890901
150,0.9999996340750672
151,0.0005252452680400525
152,0.9993410230411909
153,0.9998350423752538
154,0.9995936543787647
155,1.1564056390446264e-05
156,3.738234354985326e-06
157,0.999972442144947
158,0.9988054192730601
159,0.0016732799997262906
160,3.129995448457511e-05
161,0.9999995897947074
162,0.999997124074856
163,0.7764628356467851
164,0.990047975152349
165,0.9994074638768
166,0.0020412789592126313
167,0.9999999682032931
168,0.0016516365236863213
169,0.9999906465563652
170,0.9958249870395068
171,2.1109034258636098e-07
172,0.000227982363755074
173,0.9989355693928044
174,0.985521779335502
175,0.9999938909658171
176,0.9976834414103019
177,0.9998034811431606
178,0.027105423647841752
179,4.320859184065699e-10
180,0.999999711763649
181,0.9999381353394037
182,0.010564460191089
183,0.00029597029459423464
184,0.0002990687810956774
185,0.9997681039497037
186,0.007134669960758335
187,0.999992044730062
188,3.969542012358238e-08
189,0.999999999628882
190,0.9394552414421681
191,0.2887018142421525
192,0.9951131641834267
193,0.9996730933557499
194,3.177402027595039e-05
195,7.941099985618973e-05
196,0.00027207706388929654
197,0.9996712221982658
198,0.9999990918019913
199,0.0026883803270950366
200,8.936772707589012e-06
201,0.0034436017146127346
202,0.9999778557711199
203,0.002345594629198208
204,0.9983216397783501
205,0.03416178983707604
206,0.001141003603746265
207,0.9993838255673333
208,2.610869586807367e-06
209,0.9999951193644299
210,1.2123803674182665e-05
211,3.9275572995191897e-07
212,0.9999823339046422
213,0.9999940885499278
214,0.032421734662671335
215,0.995186445929553
216,0.9999737343689941
217,0.8198044663525214
218,0.9997875663593102
219,0.9859156021825026
220,0.49888155375163057
221,0.00014970963290621234
222,3.647500315205263e-09
223,0.9999415546761733
224,0.002451717220615765
225,0.9999210603362838
226,0.999440423461892
227,8.029452158976784e-07
228,0.9713357574493475
229,1.5482015944003864e-05
230,0.41185449252260525
231,0.9871842872429643
232,0.0018425341564770976
233,0.9994406555919034
234,1.500909238677883e-09
235,2.3400120811053933e-05
236,2.778246185807561e-10
237,2.8822321790617643e-07
238,0.00011149987651397723
239,2.5866496516595216e-05
240,0.9999999904136859
241,0.9818597690339651
242,3.711290285196695e-07
243,0.9999978449894431
244,0.9999847255173531
245,0.9894641247943852
246,0.8417914684967438
247,2.1121387226152535e-06
248,0.999346791026646
249,0.9999496244129041
250,7.285141667547018e-09
251,0.11765750502897215
252,0.9999506381300532
253,0.9917381123932596
254,0.0005885750532865625
255,0.0005498723757409224
256,0.0007574808856612142
257,1.1969305233420296e-06
258,0.9999988383396002
259,0.9998436420831007
260,0.9999697481022669
261,1.9457792569427585e-08
262,0.9999880338867354
263,0.9997810977861005
264,2.3830738566665697e-10
265,1.188459536254528e-06
266,0.00041266065422518474
267,0.9999987385643123
268,0.00018320779380158884
269,4.927673125469788e-06
270,7.552465003385482e-08
271,0.005107244269785828
272,0.999999384334036
273,0.9965637130772629
274,0.9999961267836858
275,0.9999995495014329
276,0.006491994947618056
277,1.2006743687099917e-06
278,0.9999954904527325
279,0.9994531029172213
280,0.03655376415404674
281,0.9999631353087941
282,0.9855504633543011
283,0.9999373709908244
284,0.9999946207922604
285,0.9999512183077465
286,0.999382556391873
287,0.9975800818914722
288,0.9999909194057853
289,0.0015851155561075402
290,0.9982373370667812
291,2.779347058602424e-05
292,6.379063307690097e-05
293,3.589370402272287e-07
294,0.9999797080215967
295,3.875500470427868e-09
296,0.9999241964120994
297,0.011834452404875389
298,0.9991642069169674
299,4.793972706771019e-07
300,3.1451772032722773e-09
301,0.9999613719336417
302,5.738007580397147e-06
303,0.9999748574581816
304,0.9999893375317647
305,0.0022729123397736304
306,0.9999981194314413
307,0.00012119925092126418
308,4.8328457959016637e-08
309,0.9313938172849675
310,0.9999892775146257
311,0.999999850640117
312,0.8992967294984866
313,0.00036050113516345155
314,3.2236255899741462e-06
315,0.9999940777195427
316,0.9999999970626214
317,1.3100272205192914e-14
318,0.988244934313652
319,0.999980165185841
320,0.9999798404992551
321,0.9999949649590589
322,1.065861159146623e-07
323,0.0026623327914376397
324,0.9998758822754492
325,0.9993854814399888
326,0.013095414977886813
327,0.9999971959083843
328,0.002438769405650113
329,0.9999999928049674
330,0.9991010833242805
331,0.6852726323597029
332,0.999999088408393
333,0.9925506344734315
334,0.00048454196791854334
335,1.4688577278354133e-05
336,0.00016818278046628466
337,0.9999972084409188
338,0.020354144869971696
339,2.5877973582557038e-05
340,6.201833791845902e-05
341,4.1077660996817055e-05
342,0.9993423610112632
343,0.9848205758698235
344,0.003180507339368993
345,0.9998997073631183
346,3.401652915771186e-06
347,0.9999970489614897
348,0.9743435677567162
349,0.9999999051622469
350,0.9998436493563562
351,0.9985469768232874
352,0.003234688044736194
353,0.9999999787234826
354,0.9997120321867524
355,3.850412406633871e-05
356,0.9999998343996687
357,2.8675095186642154e-07
358,1.7511612542216202e-06
359,5.875846913803911e-09
360,0.017801457862672673
361,0.00016081157997465615
362,0.9999388954055676
363,3.448972358479448e-05
364,0.9999832960410177
365,0.9998134839171867
366,0.9981254844849691
367,0.9870209345451025
368,0.9996895354645458
369,1.5664484619045483e-05
370,0.0015847701501352804
371,2.2571296530805936e-11
372,0.999999705595188
373,0.0011329978100242666
374,0.9990011316249976
375,0.8887850516406652
376,6.471745937866039e-06
377,0.9997477456242688
378,0.0003263983420660949
379,0.999812208626937
380,0.9996668217870236
381,3.332249279510234e-05
382,0.015880708080909474
383,0.9900050461569059
384,0.9969977128191895
385,0.9974436746294758
386,3.15965189144102e-07
387,1.9563222318717393e-05
388,1.70718487462643e-09
389,0.35563714072713304
390,0.9681281503323547
391,0.9999590360763609
392,0.03605755640354816
393,0.009905709280865533
394,0.0007711702488584692
395,0.9985059456202661
396,1.724218287941867e-05
397,6.784811513071741e-08
398,0.9996911080139587
399,0.0013822434095049952
400,0.9999775071067242
401,0.9999991410585983
402,0.9989347888411039
403,0.0026664286305268345
404,0.00036592220249919983
405,9.197264204128481e-05
406,1.4536178266158098e-08
407,0.03420574176886001
408,0.0020454359045375403
409,0.9999917812000817
410,0.9999977795080951
411,0.9991215932638141
412,7.589661213582818e-05
413,0.9920196785814853
414,0.00012531265859619118
415,3.121490748978012e-06
416,9.98393913424303e-07
417,1.439093492457228e-06
418,0.00019324881313632363
419,0.7151162184202389
420,0.9999999051279463
421,1.921557744629646e-06
422,0.9860853958362723
423,0.014712984170099204
424,0.9999871036604869
425,2.0779129714820596e-09
426,0.9997335266307897
427,0.0013736213829402667
428,3.5552221782092553e-06
429,0.30976914751929996
430,0.99971662057597
431,1.4411089753106745e-10
432,2.571841475087043e-05
433,0.9993407046906297
434,0.00046624747985313383
435,2.369333720861627e-08
436,0.9999724047896597
437,0.9999999087770074
438,1.9512630763584955e-10
439,0.9920266418322166
440,0.9999914790341884
441,0.9997209444061547
442,2.9863880911813235e-06
443,7.229650560099079e-05
444,0.9999960621106155
445,8.40349136579675e-05
446,0.9999999967440447
447,0.9999999999262852
448,0.9999908901919539
449,4.482507445120156e-06
450,0.0293083352026862
451,0.996026411235923
452,5.566511730288062e-09
453,3.151710144029328e-05
454,7.724898390219468e-05
455,0.04640856112207882
456,5.075830540158519e-05
457,1.3392932746090407e-11
458,1.747710946583604e-07
459,3.910420318394803e-05
460,0.9999708279041993
461,0.007704997047654019
462,0.00015731429580674792
463,0.999405447662655
464,0.9990100303319212
465,1.031372997948247e-07
466,0.9263541608983232
467,2.540316053087327e-12
468,0.9791891040265192
469,9.944490481434491e-06
470,0.00797468494085529
471,0.9986891854843744
472,1.881039347805213e-05
473,1.0793931134702902e-07
474,0.9883402716445479
475,3.783837328144914e-06
476,8.928270126700544e-07
477,0.01062102368796936
478,0.0009836417063322305
479,5.94647475743413e-10
480,0.9999987047550937
481,0.9995019501155338
482,0.0008319953127644246
483,0.9999937950776269
484,0.9995822728850923
485,3.9086435226126546e-05
486,0.9987992849439481
487,0.2852314757380592
488,0.9999051390769021
489,1.526102524152858e-05
490,3.601396094230216e-05
491,0.0044635549123452235
492,0.021123438966843825
493,0.00030730700206775817
494,0.9999986854147667
495,0.9999991337904799
496,0.9999550215446394
497,6.974561650733517e-06
498,3.464649700033801e-05
499,0.2709551530271922
500,0.0010990537563389175
501,0.0010870011001579414
502,0.9999740863941555
503,0.0005697939993331596
504,0.9965340746826034
505,0.999999999915506
506,0.0008133503830790928
507,3.969834054787773e-07
508,0.043847108093801594
509,2.3025740942198808e-05
510,0.9802854709707082
511,0.9892776034152344
512,5.553341215599438e-05
513,0.9993545216353776
514,0.9999913986644849
515,0.9999695985677725
516,0.9760724968121312
517,0.9999998813747789
518,0.9999990848103328
519,0.9990212318891039
520,3.1036660506930263e-05
521,0.9998956371498969
522,0.13092939192056552
523,1.0163782662747523e-05
524,0.003665025265577277
525,1.8313779275929735e-09
526,0.9611437094537835
527,1.1484445143785416e-05
528,2.818769966227883e-13
529,4.132778384698202e-06
530,0.9997684523740966
531,0.9989972180473957
532,0.9999998388084996
533,0.9947368334449067
534,0.00010129196160275436
535,4.5546502287618176e-05
536,0.9996225265208832
537,0.9999444455085186
538,0.9988778799474617
539,0.9978240053384738
540,0.9991143207070288
541,0.9904822259026107
542,0.9999629973433969
543,0.9992110353452499
544,5.3184403765145095e-05
545,1.416197515251676e-07
546,0.9828267779642893
547,0.999999943236969
548,0.9472210176101821
549,4.356088994055598e-05
550,0.9999859585749226
551,1.1473578469181295e-05
552,0.9994453291164763
553,0.9990929521216128
554,0.9718358184289891
555,0.9999994081766902
556,0.9763186159162812
557,0.005614065923558579
558,0.9999045496709662
559,0.23042729011982857
560,0.9999999999816085
561,0.0035530049678414908
562,2.7258356060762757e-06
563,0.9993628861391544
564,0.9998670531072028
565,0.9921986643727495
566,3.74821284481733e-07
567,0.9983058820162188
568,0.5502554415070798
569,0.9999990218835412
570,8.282556456039466e-09
571,0.9999960633988998
572,0.9999992717553426
573,0.9999577272092423
574,0.9861056923209344
575,0.9969012059696961
576,0.9963477656871943
577,6.3333989618422465e-06
578,0.9998114615528098
579,0.9846007133110541
580,8.306232520458565e-07
581,0.00012708424983234854
582,0.9997327407108882
583,0.9999985418233168
584,0.9999999893708086
585,0.999999497999386
586,6.143788833977668e-06
587,1.4306901279666447e-05
588,0.9998993838231429
589,3.843334345837877e-07
590,0.999999964924109
591,0.9998008036502991
592,0.6874987462814729
593,0.9999893086470794
594,8.790002171701334e-05
595,0.9992360510567937
596,0.9980276718713259
597,0.9992873294565914
598,6.976173987391338e-05
599,0.00030303791378004526
600,0.0013197406065249037
601,3.61830186315285e-05
602,0.001501606987435453
603,0.9999884892676467
604,0.9999339086039182
605,0.9741142992538773
606,1.0107572477947986e-07
607,1.1643087835676497e-08
608,2.070617560048235e-08
609,3.2624289032602805e-08
610,9.090771706651447e-07
611,1.9397347370832216e-10
612,3.0918897294579223e-07
613,4.7385115369035995e-06
614,2.2196354278588998e-05
615,0.9999446981308338
616,1.6438258401615207e-05
617,2.059874797293236e-06
618,0.005450686052683219
619,0.9994491779847613
620,7.657156534443566e-06
621,0.8406599027803876
622,0.08146280461161846
623,0.0008832948692256002
624,0.00012825942597913958
625,0.9990630919166973
626,0.9999954181862253
627,0.9999999971308133
628,0.9999991555960484
629,0.003475304348950785
630,0.9991447148874959
631,0.02046610444733217
632,0.9538947173642149
633,0.960281405461738
634,0.008416528870021645
635,0.9991239611423444
636,0.9999425344346973
637,0.9998574667122165
638,0.999966342576052
639,9.475650029368553e-07
640,3.449997322702195e-08
641,0.9954461223591672
642,0.9999976551927828
643,0.9999988038215117
644,0.04109241475834856
645,0.9978870046452446
646,0.00010281936379504286
647,0.9999422482514105
648,1.1926022835749576e-06
649,0.9942917010512441
650,2.887577510244398e-07
651,8.18018724045404e-08
652,0.9982321160781519
653,0.9999257768366614
654,1.7364013137711685e-06
655,7.036119775830239e-06
656,3.4934692670490804e-05
657,1.4226576329432787e-09
658,0.9999535505918927
659,0.9989690108201457
660,0.9893380463102094
661,1.8893345285742148e-07
662,0.9999505259787774
663,0.0011952501335434737
664,0.0016037939656327789
665,0.9997912849936258
666,0.008972702976107388
667,4.477822806372922e-05
668,0.9998951721643786
669,0.9997286336981549
670,1.2510928234843353e-05
671,4.27025641426544e-05
672,1.3721223158104199e-06
673,0.9980084199899933
674,4.505140092593218e-10
675,5.44938908838924e-10
676,0.9991053353928009
677,8.370217931723733e-12
678,1.8741388079183344e-09
679,0.009424950897146156
680,0.7827272369710518
681,0.9997302471262306
682,1.7554899032467492e-05
683,0.9998974851976288
684,1.3306610117065793e-07
685,0.9999967384143535
686,0.9985074622480876
687,0.9999664907951591
688,0.9999930789675084
689,1.3325865171001139e-05
690,0.9999969469847202
691,0.00137202979607638
692,0.9997685348206222
693,0.006871769662739254
694,2.4835377796676193e-09
695,0.9999999960081944
696,0.9997454931863835
697,0.0003531329204267626
698,0.9999413372832344
699,0.9971006772354147
700,0.9995254102921051
701,0.0004572373488359299
702,0.001697841062887549
703,0.09472562834359746
704,0.9947877668495454
705,0.00025873932987736134
706,0.9998821254863433
707,0.9959136353389292
708,0.9999926427009529
709,0.9949345228577327
710,0.9999999955744707
711,0.00029528255062297734
712,0.0023808870247640852
713,0.9999909523704531
714,0.0001325731399774884
715,0.9930875288091112
716,0.997417288260935
717,0.9999512310735356
718,0.0131516898792221
719,1.7817716145934774e-06
720,0.9993834295200655
721,0.9999889320141234
722,0.0003890119749381007
723,0.9999961604653552
724,1.2496985007399779e-06
725,9.18224311832507e-06
726,0.0004141348989596724
727,0.9988444417181053
728,0.04090494414516634
729,0.8880364514931828
730,2.555048733632824e-10
731,0.9999995381829262
732,0.9303038591568444
733,1.2338830530583608e-05
734,1.2121693090100654e-08
735,0.9999873794411377
736,4.3833537470574345e-05
737,1.7437119206604487e-06
738,1.703576524710128e-06
739,2.926611802055606e-06
740,1.6694518193380554e-10
741,0.999998466453797
742,0.19461635792572962
743,0.988754543213622
744,0.9999141739799376
745,4.704018506199811e-07
746,1.7879204982599125e-11
747,0.9998850997946201
748,0.9999946431983702
749,0.06258884201059813
750,0.0006185463686985056
751,5.195138414404862e-10
752,0.9999685826676419
753,0.9999994663467876
754,2.818563620246571e-10
755,0.9449482316928486
756,7.100722101001165e-05
757,0.999806940470736
758,0.9988224327535609
759,0.012593521812007345
760,0.999994968129614
761,0.86459145758263
762,0.0003088799589691803
763,0.0006290916421925418
764,0.9998638405767298
765,5.8536489476149225e-05
766,2.5191273113797433e-06
767,1.5205882961878393e-06
768,0.9995508681222681
769,6.143347417529749e-06
770,6.601030769867968e-06
771,8.876147161933496e-07
772,0.00016927981824491796
773,0.45747514994437377
774,0.9972458003393805
775,0.9999999811474577
776,0.9998813060900221
777,0.00035108482860688524
778,0.9999179552976429
779,0.9949291749210442
780,0.016976042143012647
781,0.9999996958240077
782,0.0011388981331404919
783,0.9994421531742378
784,0.9999401838241934
785,0.5336699426117589
786,6.386553756879152e-08
787,5.9953715499408236e-05
788,0.9999539243094193
789,1.277197836941492e-06
790,0.9999399003742615
791,0.9995703086775195
792,0.2167641343816295
793,0.9999991289208765
794,7.502350484041348e-09
795,0.0001475292849274397
796,0.999998046751277
797,1.0198262532029747e-06
798,7.372282795480135e-08
799,0.9976634771508124
800,0.9993301045745652
801,7.021909037026093e-11
802,0.00015658654134988878
803,0.8938334722970678
804,0.9998273133992629
805,0.07994435361020337
806,0.0020321963771360602
807,0.0024711511990887208
808,0.9999169787003146
809,0.9999973716956245
810,0.9999700894286256
811,0.9999529192131105
812,8.303765450549831e-08
813,0.010265806165880943
814,0.01446342471447352
815,5.688941251858717e-10
816,0.9882297645516254
817,0.9998624534588576
818,0.00012762302461952093
819,0.0016664418182576904
820,0.999646126781315
821,0.9999454884560344
822,0.019313425527505243
823,2.6375487343775455e-08
824,5.300894445936298e-06
825,0.0001830028758558804
826,0.9999996914110694
827,0.9961757466592205
828,0.9914015642490491
829,1.9492078389585305e-13
830,0.008365290691941139
831,0.967158163948493
832,0.39060718213125345
833,0.9803685460109162
834,0.9999851085181859
835,0.9999829833316032
836,0.9999999937096329
837,0.9986866459897226
838,1.8436503198854582e-08
839,0.006044248295780883
840,0.9999942980588151
841,1.975673803418259e-06
842,2.3487444938946646e-08
843,0.9999998138528052
844,0.999304686356829
845,5.560621314776774e-07
846,3.461789930056726e-07
847,0.9950941356869776
848,0.010187475144695545
849,1.765057630561559e-11
850,0.015094844760923622
851,0.01378531192269406
852,0.9998530180159552
853,0.9630331348469394
854,3.3925447536420007e-06
855,6.3104661796439375e-06
856,0.08029798201497439
857,2.451265779921163e-06
858,0.011064741266390997
859,0.9941469658389183
860,0.9990229614188866
861,0.9484366687569253
862,1.8669437857138e-06
863,4.948225751954942e-06
864,0.0002060746592364498
865,4.7281322756475135e-05
866,0.0008513524534948238
867,0.9999471671007648
868,0.009127280332598317
869,0.9997690770482978
870,0.031404419943975616
871,0.9995199892253952
872,0.9999961017424175
873,0.9999851846284281
874,4.98588768854363e-07
875,1.3343855179639014e-10
876,0.9999999990798192
877,0.9997455664978919
878,0.0003328826360809269
879,0.9998178400943636
880,0.0009132914583704507
881,1.2746647029581483e-06
882,0.9999999888074961
883,0.9999999554327148
884,0.9954855790387395
885,0.6817324949288196
886,0.9999992160470146
887,0.00023830464780077513
888,0.9901943239361849
889,0.9998910067181309
890,0.9993723769563657
891,0.9999778608052472
892,5.519622882185257e-09
893,0.9999926041825207
894,0.971962581286177
895,0.9999634511631177
896,0.01636268040953927
897,3.364348439226971e-09
898,0.006542768400139754
899,5.8376229694235235e-05
900,0.9999883173615881
901,3.749588350775741e-07
902,0.979383481489294
903,1.2111615709441287e-05
904,0.0031780274981656038
905,0.9452011997787128
906,0.9557311244350419
907,0.03087552446852652
908,0.9999053211058294
909,1.1277198919739435e-06
910,0.002169522009420473
911,0.999997878234744
912,0.999877346881882
913,0.00019512086305743925
914,0.0013357390385094843
915,5.804877901016315e-06
916,0.9999597864877771
917,0.992210318057991
918,1.4561459719624746e-06
919,0.984905411480708
920,2.698379932247174e-05
921,2.199080268994633e-05
922,0.9998576616586412
923,3.5428563489705884e-10
924,0.9999931133979341
925,0.9999989768030093
926,0.9999995580556861
927,0.011026781201345391
928,0.96850641067788
929,7.089461812952313e-06
930,0.9999823748103556
931,7.598197840601787e-05
932,1.7120494958297226e-10
933,0.999525828460746
934,2.2857055116200696e-11
935,0.00035853584562451463
936,0.9999834232542333
937,0.9999999998700693
938,0.0009852566344843998
939,0.9999928405786593
940,0.9999865791138562
941,0.9967209812841671
942,0.0003229473269601298
943,0.9999236623578592
944,0.9999973913367018
945,0.9999456870566757
946,0.9991192100443209
947,0.12897117942367947
948,0.9763296632687944
949,0.999709801736333
950,0.009917084028640303
951,0.9993827281291802
952,0.9993332354357108
953,0.9993386650535766
954,0.9997215119488324
955,0.003807648791368752
956,9.63811894987168e-06
957,0.9830606887208442
958,0.9983622097617352
959,0.9998539820391196
960,2.287291446872761e-06
961,0.9999980220749658
962,0.9999996189440812
963,0.9998410433862924
964,0.9943862488153061
965,0.0022791382967509116
966,0.025834245646338794
967,0.00021372506403328215
968,0.0008183581631870766
969,0.4695940488546267
970,0.37145553443859197
971,0.9999997201135096
972,4.848236714468312e-06
973,0.9589193779803131
974,1.0202127786089697e-10
975,0.01564275975299714
976,1.3386384188369183e-06
977,0.0002648699701132817
978,0.0021420698158881855
979,0.9995253838864909
980,0.9998125201565712
981,0.9955413870003809
982,0.9999832526701323
983,0.04550938012395529
984,8.40470077048742e-05
985,0.9998235256389235
986,0.9458879526830717
987,0.08166110147128323
988,0.9982131149077034
989,0.9999999989161084
990,1.0410216142275754e-06
991,0.9999882794930381
992,0.9941216798819905
993,0.04349865535877401
994,0.9999998879771957
995,0.0002676638220643966
996,0.9990074277249626
997,1.3887273689816495e-06
998,0.9994953097563457
999,3.1042791374445734e-10
1000,0.0005253070657815914
1001,4.900014372174231e-08
1002,2.067301447906311e-06
1003,0.25925548686225
1004,0.4228960814431217
1005,0.27977898659112715
1006,8.461893835463785e-07
1007,0.00044548040129331623
1008,0.9991955136629987
1009,0.03567279346207308
1010,0.0002422879958721084
1011,0.9997432703262029
1012,1.1249572334916385e-05
1013,7.687991389528543e-10
1014,0.0022505023887679845
1015,0.00036095347631308355
1016,0.9999988253985007
1017,0.9999145841605325
1018,1.1669413436825464e-07
1019,0.9983908497156676
1020,0.9999443149213142
1021,0.9999999999618383
1022,0.0003931536574389011
1023,0.9999812575296596
1024,7.0910987707684245e-15
1025,7.579492717030917e-05
1026,6.132581679366953e-06
1027,0.0001385930674030841
1028,0.9999760349585991
1029,1.0112752940130722e-06
1030,0.013170137217339565
1031,0.00019864468718703258
1032,0.9960746430859735
1033,0.9992301874025923
1034,0.9997974878601258
1035,0.9984069999291688
1036,0.011963219277400542
1037,0.9999253590477911
1038,0.9994835361611172
1039,0.9993758795611222
1040,0.018370690807247368
1041,0.9997521865719747
1042,0.9950339428607093
1043,0.9560319770474015
1044,0.9999951256917043
1045,0.9862445631274018
1046,0.9999533287595271
1047,9.167191932613458e-06
1048,8.863311860857072e-05
1049,0.9969517022169739
1050,0.9919227607854595
1051,3.699331237209655e-08
1052,0.9400231986245051
1053,0.9998631486955558
1054,0.0003044262461507835
1055,0.0014659339390653712
1056,0.9998420945298074
1057,0.9896953086315403
1058,0.9757851879925725
1059,0.9915772185935968
1060,0.9953222194184913
1061,1.4041816968309875e-05
1062,0.9717031226764097
1063,0.0004844025533576377
1064,3.8942133745022646e-05
1065,0.999113423813663
1066,0.006334415464720574
1067,0.4787959491673195
1068,1.1633497923114671e-05
1069,0.9974516345915586
1070,0.8886283592595774
1071,0.9964317243952759
1072,2.1011403660408097e-05
1073,0.9868350143033883
1074,0.0028301680341513325
1075,0.9984675753348181
1076,0.004663260103643182
1077,0.9965517204380744
1078,4.729818524883283e-06
1079,0.99999999923853
1080,3.4286667865950175e-08
1081,0.9999985960024517
1082,0.999919502872721
1083,0.999947057480166
1084,0.9706704457026635
1085,0.994318752797449
1086,1.3872638595579183e-07
1087,1.5206649847237762e-05
1088,0.9999999984530266
1089,6.751790348596394e-08
1090,0.9863982529365598
1091,0.9968177467762384
1092,4.692565864625466e-05
1093,3.143678551233774e-06
1094,1.6915179999269696e-07
1095,0.01581603176381718
1096,0.9999657773524772
1097,0.0034724537119040465
1098,0.9999755864557636
1099,0.576436782081053
1100,0.9864755533391768
1101,0.9997718386422789
1102,1.7845271839206889e-06
1103,1.3376636146572627e-06
1104,2.9488206320794043e-05
1105,0.998459977771492
1106,0.9999999990118902
1107,0.05721291303336298
1108,0.00026873679175080624
1109,0.9999465132680304
1110,1.534607246377946e-06
1111,5.708337897176289e-07
1112,0.9999861094219252
1113,0.9939714176567767
1114,0.008413732298638316
1115,0.0007052489412460339
1116,5.915918302545547e-06
1117,1.3780568549265242e-05
1118,0.9983638346641879
1119,0.9998746111348911
1120,0.983605064795746
1121,0.00038922846497422604
1122,0.9999594706560891
1123,1.5710299585200294e-06
1124,0.03107808011550359
1125,0.02807921017636135
1126,0.9999963196733556
1127,0.9992207571617913
1128,0.00010383249191517207
1129,0.9983296236292443
1130,0.9999914682153757
1131,5.060667785124602e-10
1132,1.2005902962251514e-05
1133,0.002510305440656361
1134,0.8454392975363741
1135,4.396366295149475e-06
1136,0.999976750205917
1137,0.986564913587652
1138,0.9998878196791722
1139,0.9800506108531699
1140,2.743299679288152e-06
1141,7.054977583964979e-05
1142,0.999869163315106
1143,0.9997246031488907
1144,0.017230597427641242
1145,0.9993927671852364
1146,0.9993337605674932
1147,3.231728450848272e-05
1148,1.1688203872442184e-09
1149,0.9999986390101303
1150,0.9979023162813451
1151,0.9991140834849704
1152,0.9999764698449426
1153,0.9998733203822617
1154,0.9999930643055994
1155,0.23408640824259097
1156,0.9999999997630913
1157,0.9998772370653768
1158,4.795801544982808e-06
1159,0.9999972609210502
1160,0.999999722597173
1161,0.3942188104378973
1162,0.9977243581949499
1163,0.9999999979413834
1164,1.1200618820531693e-09
1165,0.9821974465488891
1166,0.030307651064661618
1167,0.9998337892464682
1168,0.9998777983053736
1169,0.008725963347513356
1170,0.00010096829030796705
1171,0.0003527762778166445
1172,0.9999999771001659
1173,0.00045751858900888937
1174,0.05396361068580901
1175,0.9999999028419532
1176,0.14416992211254856
1177,0.9999501542046362
1178,0.9997047207239651
1179,0.9999945396522448
1180,0.994720676738438
1181,0.9999732217251377
1182,5.223035789818296e-07
1183,0.9997960059883649
1184,0.9999999953340282
1185,2.6372628362827076e-07
1186,0.9997594774247239
1187,0.9989550071277459
1188,0.9059141082681086
1189,0.02001082371118447
1190,2.5716066833809164e-09
1191,0.0005071545619131515
1192,0.9996966610460887
1193,0.000165158065335711
1194,4.7923340530486757e-08
1195,0.0003096622661308808
1196,0.9999561373316628
1197,0.9999917741906681
1198,3.0746516304814914e-05
1199,0.5354707086280965
1200,0.9999781337147822
1201,0.9995139014729697
1202,2.9676394892001593e-08
1203,0.02543657357469675
1204,0.8358176452217216
1205,0.9999661600039796
1206,0.0074094951874614425
1207,0.00031420761672876614
1208,0.99995995078725
1209,0.9999977916175855
1210,0.03507511359888854
1211,0.0018888708995410148
1212,4.213518029467768e-05
1213,0.9999291039749323
1214,0.9999779051589579
1215,0.9994835114186469
1216,0.8793337531466962
1217,0.0015223495633914078
1218,3.993317890338141e-09
1219,0.9999992967710811
1220,0.0002599517454942683
1221,1.5022927762702706e-05
1222,0.9999760448688213
1223,0.9998746130082508
1224,1.8786752889482752e-05
1225,2.6378464160220633e-06
1226,0.9999449981472102
1227,2.5392747747087728e-06
1228,7.680231132648363e-06
1229,0.9999999948649487
1230,0.9999135180724538
1231,1.0631576671845913e-08
1232,0.9634424668980367
1233,8.831191569424456e-08
1234,0.9975168018074698
1235,6.315150085922696e-08
1236,0.9998234792217212
1237,0.9991545863961897
1238,0.9999595721057054
1239,0.9989328995106435
1240,0.0006002415138785538
1241,0.9999928687980619
1242,0.9999999996790532
1243,1.7781676588462954e-06
1244,0.0001270756036338101
1245,0.9702101622136149
1246,0.9999999995833815
1247,0.9827304822081755
1248,0.9988129361369853
1249,0.9999789877137468
1250,0.9629068339814684
1251,0.18226159414388124
1252,0.006865653417900803
1253,1.5199009982223775e-08
1254,0.9998874382048243
1255,0.8258488042665543
1256,0.9956851148798107
1257,0.9999277653103172
1258,0.9987547113558805
1259,0.9999999244520495
1260,0.9964702198841541
1261,0.9999999995314006
1262,0.9984164412210699
1263,0.00042207435542040484
1264,4.348215593876546e-06
1265,0.9996845439690466
1266,0.03097865724578357
1267,0.9996760199305
1268,6.526332291430752e-08
1269,4.000157921311417e-07
1270,0.04307040317959769
1271,0.998600670888275
1272,5.759443607247917e-07
1273,1.8250368293855814e-06
1274,9.770336493322401e-09
1275,0.9995693261214866
1276,0.9999991533991444
1277,0.9999773071049789
1278,0.9999999473741193
1279,0.0007320202296660864
1280,3.679717265042762e-08
1281,0.062378418992160525
1282,0.9999961613475874
1283,2.533449533848991e-06
1284,0.3145688430191316
1285,0.9999769704288385
1286,0.99999533974078
1287,0.0021230618735897473
1288,1.213988641195711e-11
1289,0.00011707311958623323
1290,0.9999999880302494
1291,0.988729979423709
1292,9.707294453054701e-06
1293,0.9999972301377388
1294,0.9999999802986635
1295,0.9999986641804198
1296,0.9999999945601981
1297,1.088088023749735e-06
1298,0.9999457846510761
1299,0.9997839702950528
1300,0.996237377442424
1301,0.02956396347074236
1302,0.9062650243558619
1303,0.9999999691031881
1304,0.00034479334224330003
1305,0.015110502972634872
1306,0.0073560692778733665
1307,9.17434435262774e-05
1308,4.926427134521115e-05
1309,0.999979971775041
1310,0.998462364424122
1311,0.9998262533312636
1312,8.574352559018239e-05
1313,0.9845787628462337
1314,0.9999991110734189
1315,2.5050920490647264e-08
1316,0.0005719705933970481
1317,0.9999683200677955
1318,0.026382571045562686
1319,0.999999995386746
1320,0.00019948256619496554
1321,0.014246338662275803
1322,0.0008645470952274637
1323,0.9984202178069251
1324,0.00010354562403133436
1325,0.9999994987490676
1326,0.0016527154179823015
1327,5.3280436743953474e-15
1328,0.0012317689587613015
1329,0.9999999443762564
1330,0.9981782762111147
1331,4.5910101220113596e-05
1332,1.5088941143601056e-07
1333,0.0007303856624207034
1334,1.9097154824442963e-05
1335,9.61196763120741e-06
1336,0.06714737462804447
1337,0.0001274734641259062
1338,0.9999567722776113
1339,0.9999994869873575
1340,7.129590218924724e-07
1341,2.0209289370163488e-08
1342,0.9999376155394909
1343,0.999999999171284
1344,0.0021985396512188885
1345,2.444334688240391e-07
1346,0.9999986148325892
1347,0.9974965113370051
1348,4.060198986272019e-12
1349,0.9994745689170234
1350,0.9998715959183562
1351,0.9999983116923417
1352,0.0019322724630599893
1353,6.546545727499622e-07
1354,9.985675146343903e-10
1355,1.9379216522789368e-05
1356,0.999972918392062
1357,4.637476356195589e-11
1358,1.0755173229500936e-10
1359,0.9996605869688855
1360,0.9999811368697716
1361,0.9967924397857167
1362,0.9999384128255845
1363,4.348076429469771e-05
1364,1.8903036002762273e-06
1365,0.7922612239927066
1366,0.9999999568341483
1367,0.9998480643407781
1368,2.8633436502563814e-08
1369,4.678800320704051e-09
1370,0.00012571556860601415
1371,5.158233360310053e-05
1372,0.9999996215046443
1373,0.0003601664915851888
1374,4.5685729308966956e-07
1375,0.001065843018983747
1376,0.9987971341248075
1377,0.9999999999928828
1378,0.00903668733139122
1379,2.4856091939752744e-08
1380,0.0008687492886984433
1381,0.9999791335234222
1382,0.9995817236886755
1383,0.999971242808974
1384,2.5567986626303207e-06
1385,0.9999679638097798
1386,3.836820826505438e-08
1387,0.0017696035347483144
1388,5.351821208302829e-07
1389,0.00011026363873685601
1390,0.00010321917510781585
1391,0.9995799677925508
1392,0.9995323981486197
1393,1.5992313009939588e-06
1394,0.9995144906486448
1395,0.0022084045373794606
1396,0.998431051108092
1397,0.9998913035439606
1398,0.9988665189672269
1399,0.9945274218162685
1400,4.764957275378499e-06
1401,0.9999682771167566
1402,0.9999955318088726
1403,0.999894588050472
1404,5.178811817542137e-07
1405,0.9981343257845946
1406,0.9980520843440959
1407,0.9999270423260327
1408,0.47342403795660304
1409,6.156325708640265e-06
1410,0.0007728480898687785
1411,0.9997769653352265
1412,0.23758126396883414
1413,0.9996526141485473
1414,0.0013179250420955707
1415,0.03388431489573552
1416,0.9999853154128916
1417,0.9991222212907629
1418,0.5434077168257905
1419,0.9999421643693699
1420,0.00013291715364064234
1421,0.044498788863700116
1422,1.9236686160039306e-06
1423,0.02463834255229534
1424,0.9999988509594151
1425,1.581871969805244e-08
1426,0.999972395829187
1427,0.9979573525431673
1428,5.377078276016621e-10
1429,0.9999998799430798
1430,3.6005663587005764e-05
1431,0.9999373735751025
1432,0.0028267015995104713
1433,0.9973721646240262
1434,1.4037897928702114e-06
1435,0.0005024907579458224
1436,0.9943494752955178
1437,9.99269524619249e-07
1438,0.9989848346923778
1439,0.9999913577268494
1440,1.7282727410621113e-07
1441,0.9999782702141191
1442,4.587480927137625e-05
1443,0.0019452310337436797
1444,1.613929929458305e-09
1445,0.34216775035782815
1446,0.9991603505861125
1447,0.0015577886108245314
1448,3.6879215312016585e-07
1449,3.16819233248681e-07
1450,0.9969832530819125
1451,5.860403739117485e-10
1452,3.2026552000629965e-07
1453,0.9985184818589936
1454,0.9999245253982916
1455,3.687646032685847e-12
1456,0.004694188027228642
1457,1.2684630600939526e-05
1458,7.960409265762177e-12
1459,1.0472664475137814e-09
1460,0.0017475357871937346
1461,4.039633014949896e-12
1462,4.054436073548065e-07
1463,0.9967620131001317
1464,0.9999827438879151
1465,0.9975865707898167
1466,3.0545266659140684e-05
1467,0.007600065134944797
1468,0.008494523960218062
1469,0.9986826859138671
1470,0.9999193060285614
1471,0.9998807966232507
1472,0.9999999875662963
1473,4.882631613530413e-05
1474,0.9999999992714261
1475,0.9998954483518959
1476,2.0163267784640497e-05
1477,0.002609649966684328
1478,1.396173595451223e-06
1479,0.9999634884950601
1480,0.9998909112475082
1481,0.9999111468150711
1482,0.0032670331683411777
1483,0.9999995408572969
1484,0.00822119385650617
1485,1.4976297480896731e-05
1486,0.9999927788411594
1487,0.9100234209659634
1488,0.9999836352777213
1489,0.01885899344566296
1490,9.572278504673817e-08
1491,6.143876883438497e-05
1492,0.999999730074213
1493,0.9999805353847125
1494,9.876538978014076e-05
1495,0.9999968250178158
1496,1.383087900490077e-05
1497,0.9973752754596529
1498,0.9999644047628338
1499,0.00043596212235774907
1500,0.9999999896887083
1501,0.10944271646022029
1502,0.9901739459724693
1503,0.016253691906737283
1504,0.9995272761952291
1505,0.00014214929646843896
1506,4.005147167053045e-08
1507,0.9765063601155248
1508,0.08802529500837575
1509,2.2387675478878946e-09
1510,0.9997209190545556
1511,8.209246267694582e-06
1512,0.9997614465762825
1513,1.8871108725450804e-07
1514,2.973100484162312e-09
1515,0.998280110761161
1516,0.34588585033133984
1517,1.3944330680238012e-12
1518,0.4935290118354444
1519,0.9999999842077518
1520,0.9999998698147375
1521,0.9952013541691099
1522,0.00562625040741473
1523,0.00020523323995407409
1524,0.9958196439772294
1525,0.9999465241637531
1526,0.9868219317833098
1527,0.038964356917370685
1528,0.9999209874624988
1529,0.000124065249731983
1530,0.9889888592493228
1531,0.00030803045975284424
1532,0.0004082041413337344
1533,6.355051670749122e-05
1534,0.9998701887853884
1535,0.9961802308805712
1536,0.9999987468066529
1537,0.9999924341141846
1538,0.00031047350137604324
1539,1.2853821073887258e-05
1540,0.998932410904513
1541,0.003032453594716529
1542,0.0175612681293548
1543,0.007119138751113251
1544,0.9999984380941151
1545,0.9999914315229582
1546,0.9860360702696923
1547,0.0001428602260012973
1548,0.9999974756228511
1549,0.9997023692777017
1550,0.9999965040203872
1551,0.9999518690062502
1552,0.9893176624523957
1553,0.9951700861826684
1554,3.7434791772560884e-08
1555,0.0024019518753705064
1556,1.3415402186310253e-05
1557,0.002800529725416939
1558,0.9999941506589193
1559,2.3795103382823435e-07
1560,1.514328541563761e-10
1561,0.9997588747648353
1562,0.9980879727027703
1563,0.997344027779348
1564,0.9204959599744184
1565,0.9877771829009736
1566,0.9978851881344571
1567,0.9996205980735609
1568,3.319757618864236e-08
1569,0.02538201920580347
1570,0.9982429680806272
1571,0.9998519234770789
1572,5.6774997848946e-05
1573,0.18409738982982313
1574,4.82562224677681e-10
1575,0.9999999729861809
1576,6.951281675412961e-10
1577,0.9961949268100447
1578,0.9999884410503743
1579,0.00025855805746163467
1580,0.046159833422024885
1581,0.9999964921779161
1582,0.0053612523504027385
1583,0.999677648315307
1584,0.9855522427506158
1585,0.5260005826237352
1586,6.531717499424057e-07
1587,0.003010235825741056
1588,0.9999953473470252
1589,0.7507462304635292
1590,0.9878815225985004
1591,0.9845616074083021
1592,7.256083061622799e-05
1593,0.9989521081377402
1594,3.782911566489956e-06
1595,0.0025002894431681725
1596,0.002092172472936026
1597,0.09820290913867917
1598,0.0002860227427716531
1599,3.356695714181465e-05
1600,0.9874243547160743
1601,0.00583715552263711
1602,0.9998723931689147
1603,7.43081045887711e-05
1604,0.021454113054814032
1605,0.9999954988717936
1606,1.589837142791465e-05
1607,4.366700562939791e-09
1608,5.68591093145989e-07
1609,0.9998773465108775
1610,0.9977989328365905
1611,0.9999565084961576
1612,2.5272107766859023e-09
1613,0.9994485058616376
1614,0.9997981354262072
1615,0.00013140441432184745
1616,0.41672950625855
1617,0.0004000849772067027
1618,0.0005187903625232101
1619,0.7370142756337936
1620,0.014736719918022247
1621,1.1512849034171574e-06
1622,0.8878296495961554
1623,0.9999999998652973
1624,0.999999998782201
1625,4.2451624413639544e-10
1626,0.9998355488792722
1627,0.10815514451021328
1628,1.0099447657060821e-06
1629,0.9999437684664392
1630,0.9999998238559081
1631,0.9999472990815438
1632,0.00017352153914847933
1633,1.645767653700172e-07
1634,0.004490376458165711
1635,0.0009336810932577971
1636,0.798920060389967
1637,0.956275255913145
1638,0.9995965632520853
1639,0.9982226234851501
1640,0.9999836599169043
1641,3.449740932768936e-05
1642,0.7375381022308909
1643,0.9998627956936369
1644,0.9999943522601089
1645,2.192665353986973e-09
1646,0.9793071086461712
1647,0.9999578831830054
1648,0.9999814635983254
1649,0.9999949809987143
1650,5.654391634339289e-05
1651,0.9723587106022354
1652,0.0007733654545037884
1653,0.0014842268961434378
1654,0.014755783728651096
1655,0.11907393610227633
1656,1.7257278420168244e-09
1657,0.9999994736127309
1658,0.9999955951481162
1659,0.0002927459434693224
1660,0.8871002030195676
1661,0.9957803660927977
1662,0.997282925261106
1663,3.203315613789115e-08
1664,0.00031485463810289734
1665,0.0007210151850735537
1666,0.9807182959839432
1667,0.9990628572681655
1668,5.484609211158667e-05
1669,0.00024300539685232292
1670,1.3472243056397085e-07
1671,0.9999999952714698
1672,4.501300832303979e-08
1673,0.9999577477854936
1674,0.9999999225479268
1675,0.015218511721474587
1676,1.5456995307604739e-06
1677,0.9996134882505071
1678,0.940343983807987
1679,0.04640541977269028
1680,0.0008605902370434487
1681,1.584637101051289e-12
1682,0.999496555373249
1683,1.2645726753036022e-07
1684,0.9996861171253597
1685,9.381820869895257e-05
1686,0.9999758772416812
1687,0.9950046942321457
1688,0.9992302779986076
1689,0.9996407014847367
1690,0.9998272174250173
1691,0.002393459012393151
1692,7.252604729253843e-09
1693,0.9999998022100853
1694,4.2645134917489326e-05
1695,0.9941510326343107
1696,0.9940745922902362
1697,0.9072643890699504
1698,5.968872469321382e-05
1699,0.00662294931291829
1700,0.9998657890148694
1701,0.9984426739341898
1702,5.1377386420958364e-09
1703,0.9938531970523568
1704,0.9985022036275921
1705,4.6461904353172584e-07
1706,0.9944341001378769
1707,0.0009747074752627246
1708,0.969929031111064
1709,0.9998948109078769
1710,0.9388044022675944
1711,0.999999997165254
1712,0.0002714610346407596
1713,6.0547831315736655e-05
1714,0.921907753957828
1715,0.9997516119031352
1716,6.975016702796627e-07
1717,3.403781358230105e-06
1718,2.1683549852775116e-07
1719,1.097661877401534e-07
1720,0.9940570735752443
1721,0.00033192600671647305
1722,0.9995196523562747
1723,0.9999990671653731
1724,0.999985528297049
1725,5.361433004096222e-07
1726,0.9997338011485601
1727,0.9999999601086309
1728,0.00022892415183341683
1729,0.00013277527525720303
1730,0.9928201298545242
1731,0.999451831156962
1732,0.9999988543116208
1733,2.2328384356793395e-08
1734,4.951086560467949e-05
1735,0.9998478206977822
1736,0.17267947079800325
1737,0.05320423936828528
1738,0.0006667203173951016
1739,0.9990289667337303
1740,0.9999999864484033
1741,0.8862343600809697
1742,0.9999999976230556
1743,1.2878299616545617e-05
1744,9.095471549025932e-06
1745,0.9815411330707584
1746,0.999935278426901
1747,0.30511067737249026
1748,3.0497455499209397e-06
1749,0.9752934360987956
1750,0.9990300532528116
1751,0.00019086213783909303
1752,0.9973726616746618
1753,5.167550795528069e-06
1754,4.7457313158550215e-05
1755,0.9997447262610523
1756,0.9999917830406445
1757,0.00018516052234712014
1758,0.9923127842791347
1759,1.0282703110844728e-05
1760,0.9991172010053909
1761,9.235956088741041e-05
1762,1.9160635918180753e-06
1763,0.9997561300461797
1764,0.999482293330798
1765,0.9999929925274845
1766,0.999999722639266
1767,1.1239095312976707e-05
1768,8.69942692153547e-06
1769,0.999875962968126
1770,0.00031349904204962
1771,0.695378183116007
1772,0.9999105513954685
1773,0.00040402880390682177
1774,5.033628216282708e-06
1775,0.49320063921512375
1776,0.9415526934530556
1777,1.8900798263929828e-06
1778,1.2990814037467584e-05
1779,1.2905071384954308e-07
1780,7.348237164653291e-09
1781,0.05007120204154745
1782,1.5863237869956727e-05
1783,0.18586151398904538
1784,1.0304946500545829e-05
1785,4.537752847729101e-06
1786,8.340263997003131e-08
1787,0.9950944612162602
1788,8.760707616731768e-06
1789,0.999999998766584
1790,0.7303582157718442
1791,3.405622215776374e-05
1792,0.944914865840522
1793,0.9992623993825059
1794,0.999976407029183
1795,0.9999602898177176
1796,6.659127901599595e-05
1797,6.029001008763017e-11
1798,0.000426024609934084
1799,0.9980832396124464
1800,4.127683062839187e-05
1801,0.9999517867051283
1802,0.9999985856197701
1803,2.0139134065169667e-06
1804,1.789427793146995e-05
1805,0.021077290468549524
1806,0.00026218400902305704
1807,0.9999537402281795
1808,2.3757590112220287e-08
1809,3.276471836157922e-05
1810,0.00043884922342828813
1811,6.044464924267585e-07
1812,0.9999975000102269
1813,0.0005021849791905123
1814,3.1843472795391926e-06
1815,0.001200959571393818
1816,0.003200099926721808
1817,0.9410648550251636
1818,0.9999777588284677
1819,0.9999976041821258
1820,6.447526505448841e-10
1821,0.9999999922789679
1822,0.997813016344035
1823,0.19230080111897144
1824,0.0013092531039255132
1825,5.893120830138437e-05
1826,0.0016624586529773151
1827,1.25827547336623e-07
1828,0.003185238181096546
1829,0.9992082319498743
1830,0.9871721791178586
1831,0.9982309441831564
1832,0.9999999089417951
1833,0.9891510811242231
1834,0.9888977778699187
1835,0.9943349577597269
1836,7.949223029852341e-10
1837,0.0014928169497152371
1838,9.83140347820795e-11
1839,7.631476712995318e-13
1840,3.594901951333858e-10
1841,7.86470955891743e-06
1842,0.9999990945870285
1843,0.9751284880239744
1844,0.9981359660502083
1845,0.0032576987165320336
1846,5.7245700639858815e-09
1847,0.9998857629719748
1848,5.189158044515883e-07
1849,0.9619676235766532
1850,0.9986655534980912
1851,0.9997951253794224
1852,1.066496791340591e-06
1853,0.9188803468642289
1854,2.446591629339571e-10
1855,0.9983191886445223
1856,0.050758145755031576
1857,6.242860527665972e-07
1858,0.9999634942992908
1859,5.03895323381055e-05
1860,0.009678632414411413
1861,0.9997079377951306
1862,0.00532207115317653
1863,0.2374293435310286
1864,1.6695738317095534e-08
1865,0.4507335455714373
1866,0.9999772551101895
1867,0.9218069621746412
1868,0.00016608654276294496
1869,0.9999994063389752
1870,0.002611009662522876
1871,0.9999998064424186
1872,0.0006314599935503171
1873,3.5546390897864724e-05
1874,0.000697125508377312
1875,0.993123549833389
1876,5.565062430154949e-05
1877,0.0005940416771361267
1878,2.5680677268428236e-10
1879,0.0004297814415434956
1880,0.07186122150513327
1881,0.9997139307960062
1882,9.487939617074809e-05
1883,1.4315187924273659e-05
1884,2.7197374636471396e-05
1885,0.03363354529221041
1886,0.9999681124167707
1887,2.525143616343938e-05
1888,0.00027346139104322906
1889,0.5444554182741886
1890,0.9999248366527318
1891,2.2919623877106926e-07
1892,0.9999918783889271
1893,0.015494241473512296
1894,0.9999909090818738
1895,1.1039126861123878e-10
1896,6.573114958240288e-07
1897,0.9999610583381146
1898,0.9999999995277788
1899,0.998599827947196
1900,0.9795992634521508
1901,0.9933203113228686
1902,0.9999991265544388
1903,0.9999999919797816
1904,0.7848273678264212
1905,0.9943642973852396
1906,4.027318386154083e-06
1907,0.1580094321312774
1908,0.9952350283139936
1909,0.9999100708133254
1910,5.10344242677901e-06
1911,0.004236570343086799
1912,0.04049196104051991
1913,0.9997613263629369
1914,0.9999815550067044
1915,0.00032502204632801484
1916,0.9999358307817652
1917,6.546131143715645e-05
1918,0.0007046458011765259
1919,0.021825771651581016
1920,0.9999991833314038
1921,0.9999999441220884
1922,0.9974700142672857
1923,1.1982658964205291e-09
1924,0.0027350454860762246
1925,2.6673544418967227e-05
1926,0.9999573313559998
1927,0.9999998969657671
1928,0.00011963079484777455
1929,0.003051382852875539
1930,8.69529060552798e-05
1931,5.276525548728304e-10
1932,4.5758772495989766e-07
1933,0.9998725256654377
1934,0.0004162123640001552
1935,0.007611571968836955
1936,0.9898365204876963
1937,8.032661820141119e-08
1938,0.0002542593006238115
1939,0.0018808389792263887
1940,0.9999851248156483
1941,0.9999868592590287
1942,0.9999599663131779
1943,0.9989236265520315
1944,0.9990292838289997
1945,0.9999999922364008
1946,0.9974910841424753
1947,9.337557248424791e-10
1948,0.9967800020710177
1949,0.999993216451658
1950,0.9975297286591216
1951,0.9999941243615907
1952,0.9999838883270994
1953,0.9997765378072576
1954,2.338489594888443e-07
1955,0.9999905287146073
1956,6.58218723270737e-05
1957,0.23036520929290447
1958,0.004633062245177363
1959,2.7056226840436378e-05
1960,0.01651635949193798
1961,0.00014840359034584368
1962,0.0007401062355443681
1963,0.9998691998377877
1964,0.9999965517895727
1965,0.05434518717462589
1966,0.004681243419796848
1967,0.00035151593260877764
1968,0.9998471656190161
1969,1.130956838188992e-09
1970,5.903224721339449e-06
1971,0.9102549976657034
1972,2.9338501133327295e-06
1973,1.143200663012404e-07
1974,0.00239895146842041
1975,0.04129520182323746
1976,0.000894417123690094
1977,0.7188940792389933
1978,0.09148854570001376
1979,0.517973855107812
1980,0.9827342359464636
1981,6.585170357936549e-06
1982,7.352005203171914e-08
1983,5.706952448293208e-08
1984,1.9536751035440697e-10
1985,1.0972044332962924e-11
1986,4.118925216219443e-05
1987,2.910044756480842e-09
1988,7.97029769428816e-06
1989,4.421915125820858e-08
1990,0.012211430143238474
1991,0.9999174187309986
1992,0.9999281932342362
1993,0.9999990437773656
1994,0.0008526728613827015
1995,0.8547944388248585
1996,4.43104297773444e-09
1997,0.0002753648398645068
1998,0.0012738944409799063
1999,0.9996417380087804
2000,0.9999999981584451
2001,3.086452303117466e-05
2002,0.9974480656945006
2003,1.53616577510781e-07
2004,0.999999998420992
2005,0.9999979775894973
2006,0.9768805464064745
2007,0.0016694520516269866
2008,1.352260529512661e-07
2009,0.0011168103936326145
2010,7.055028301909462e-05
2011,0.9999938506815073
2012,0.4238495541579835
2013,0.9990649051005015
2014,0.9981447207706571
2015,0.9813532392663921
2016,0.00015809022190424606
2017,2.2732837585927498e-07
2018,0.9987940892691964
2019,0.9971956153090052
2020,0.0005671518271182762
2021,0.6097065825917194
2022,1.7075546970441157e-05
2023,0.9993115664301603
2024,0.05830255542378482
2025,0.9998606994579556
2026,0.9998380282278606
2027,0.8945737484519942
2028,3.4004961563930915e-08
2029,0.9995776152108593
2030,0.9992649145296073
2031,0.03764134607342611
2032,0.9999700209554913
2033,0.9998565999792224
2034,2.1356726617370825e-07
2035,1.794721500639935e-06
2036,0.9323498803730934
2037,0.9998030657524841
2038,0.9998938167626974
2039,0.0009199222217579035
2040,9.878770187083234e-05
2041,0.9998195314817845
2042,0.999986314204281
2043,1.2854317391775777e-11
2044,0.9998758291189881
2045,5.735592291661647e-08
2046,1.0207353164217556e-07
2047,0.00019105103339632281
2048,0.6459730760536898
2049,0.9999964131490459
2050,4.930858063054635e-05
2051,2.950989148979504e-05
2052,0.000805129357714802
2053,3.4756139586892303e-07
2054,1.1987405507469331e-05
2055,7.314032404283314e-05
2056,9.100323113936974e-11
2057,0.9901095018797513
2058,4.987734230897267e-10
2059,0.999998884082794
2060,0.0007016200857108399
2061,0.9979813486397864
2062,0.9999999961302255
2063,2.0089363178626753e-05
2064,0.008178478541962702
2065,0.5299566163591625
2066,0.00038848358287179116
2067,0.9999872700620901
2068,0.9999981142953257
2069,8.886783961720137e-05
2070,0.9932513773951511
2071,0.2491589322015115
2072,0.43456973606591714
2073,0.0016735991146426088
2074,0.7788366063485582
2075,0.9997950470722508
2076,0.00011141704328378162
2077,0.8135594114897224
2078,0.9998040312850516
2079,0.001703919154062577
2080,0.0007864014427990809
2081,0.0009490762955484213
2082,5.454521707885521e-06
2083,0.9973108391329417
2084,0.9999990903305188
2085,3.131915156048736e-06
2086,4.365783784499102e-05
2087,0.9777885086362859
2088,0.9999820621330344
2089,7.935585981134812e-09
2090,0.9987335783098901
2091,0.9992524334590541
2092,0.9954103094041895
2093,0.03222557886758396
2094,0.036297849267343286
2095,0.9998849858748247
2096,0.1115518268198951
2097,2.3157926661259752e-05
2098,0.9998677759457082
2099,0.04991546931516335
2100,0.9989951509066685
2101,0.0011520510878950765
2102,0.9999999947476976
2103,0.0010171652935299007
2104,0.013298447926517177
2105,0.016392065613970254
2106,0.9985808181954736
2107,0.9998639466163239
2108,0.999999989878127
2109,0.9950962985310194
2110,4.0248017951679423e-07
2111,0.025757669630279964
2112,0.9999988543801194
2113,0.0016781838711802852
2114,0.995589571407816
2115,5.320893859856854e-06
2116,1.6119139597991292e-07
2117,5.880007198196242e-09
2118,2.075981850684777e-05
2119,0.9999970931440362
2120,2.5157928844888926e-05
2121,0.001481726665684039
2122,0.9999879851450624
2123,0.9999962387237459
2124,0.9312850851076616
2125,0.00014518521972792516
2126,0.0005305607922002054
2127,2.241020824336022e-09
2128,0.01646465316759542
2129,2.1795590332950147e-07
2130,0.013324857900729842
2131,0.7755155378541048
2132,0.00035229756954811126
2133,0.9999999877542206
2134,0.9999509607816122
2135,0.00027359240263378793
2136,0.99993267419762
2137,0.9999789768610482
2138,0.9991820702052414
2139,0.999999421109331
2140,0.9994886202455434
2141,0.9995218543536273
2142,0.9937162166801816
2143,0.0004805978028406217
2144,0.9999919426093675
2145,0.9654277716686507
2146,0.9076980316261639
2147,0.003846589333106169
2148,0.9999464244160503
2149,1.9782323906771457e-07
2150,0.9999978005159487
2151,0.9998303635945767
2152,0.9974472650714673
2153,0.7398319018093834
2154,0.9999999905441065
2155,0.0012600816863767442
2156,0.00048666477305607406
2157,1.6215818012456565e-08
2158,2.5861823149387935e-08
2159,0.0032434794645904786
2160,0.9864032926446138
2161,0.037979504993103576
2162,0.9999942879964733
2163,0.9999452479713422
2164,0.9999803468757206
2165,0.9998223767559867
2166,0.9995711774823255
2167,0.9999999988740382
2168,0.00025024270851773485
2169,3.937210718870813e-14
2170,0.0007505233401283704
2171,0.9996737157612859
2172,0.9999999267680479
2173,0.00026353165467552647
2174,0.9999994591868391
2175,3.0498553462232544e-08
2176,0.9948731817112978
2177,0.027338585098508453
2178,8.130898721391888e-05
2179,0.9999391370851495
2180,0.9999995639559304
2181,0.00486467077883584
2182,0.971308490363005
2183,0.0037843603391304057
2184,0.9999832586041962
2185,0.002947192480213586
2186,2.3442457693165194e-14
2187,0.9999560369344473
2188,0.9997825958303908
2189,0.992913597720612
2190,0.9952544239209637
2191,0.6596035042908601
2192,0.9998220568980958
2193,1.7315684667085496e-09
2194,0.9995413083151103
2195,0.013372242698615545
2196,0.03574923434845606
2197,0.9899063416396299
2198,0.9999976587665644
2199,2.68558055024103e-08
2200,0.9999792673918344
2201,0.9999885252426646
2202,0.9999986507360061
2203,3.606798794741736e-06
2204,5.569701483248062e-05
2205,0.9999976339967667
2206,0.9999996621025764
2207,0.0003028852669100999
2208,0.9999954863707631
2209,0.99600347668048
2210,3.2745445768129167e-06
2211,1.9366990549243194e-06
2212,0.9964324841886676
2213,0.0031609954347033677
2214,0.0019465216951055709
2215,0.9835287931980113
2216,0.9999963859852705
2217,0.9965272526171417
2218,0.8434911442287231
2219,0.24036219531688444
2220,0.8656475326129731
2221,0.8670148147765507
2222,0.9999996539529153
2223,0.9999762380298968
2224,5.118115946800965e-05
2225,0.9854512177502618
2226,0.9999865310821039
2227,0.9995184897144296
2228,0.9968895801422967
2229,0.9977498658239892
2230,0.00010327996585545643
2231,0.0011267373565350496
2232,0.14820169552581153
2233,0.0036948850939410786
2234,0.013757075702049456
2235,0.9996112081963647
2236,0.9543072945735931
2237,0.00011225742805959331
2238,0.9997967242042652
2239,0.00012634106602199565
2240,0.9999813790403003
2241,0.9999999991794584
2242,0.9999691292886114
2243,1.6872637416243967e-05
2244,0.9999891599740199
2245,1.1142674256814746e-06
2246,2.489894781555301e-07
2247,0.999995154757653
2248,7.864424484012164e-07
2249,6.532515030846166e-07
2250,1.980565889816859e-06
2251,0.9999765552612053
2252,0.9985756863291251
2253,0.0012991449507933745
2254,2.2977055687150418e-07
2255,0.9999939733818911
2256,0.9999550120267786
2257,0.12697652706879967
2258,0.9926776061023338
2259,0.0016532584968682307
2260,0.9999999757278039
2261,0.00010537008344709587
2262,7.186446281136233e-05
2263,0.9950921731573096
2264,0.998578812586472
2265,0.998651773001294
2266,5.8384373973351876e-08
2267,0.4228449975607649
2268,0.8535172023610008
2269,0.9999978930699451
2270,5.593651338923279e-10
2271,0.6915216300873998
2272,0.0032855048668482875
2273,0.38145701461702186
2274,4.159344224334566e-05
2275,0.999981988583033
2276,8.045895553900309e-07
2277,0.16352379212970422
2278,2.921636787771192e-09
2279,0.9956228947986866
2280,0.995002547033227
2281,7.940138207158792e-08
2282,4.316597974207327e-06
2283,0.0019970080294128326
2284,8.673313720386892e-07
2285,0.0015317774932951994
2286,0.9999999974373099
2287,0.9826371332595049
2288,0.002923343609486955
2289,0.9999996007291896
2290,5.343194502690697e-05
2291,0.999764889502047
2292,0.9996601539032294
2293,0.9988655327098345
2294,2.646730614663186e-05
2295,0.9805947297003988
2296,1.5421410268727414e-09
2297,0.9997380767839592
2298,0.0014029887971649467
2299,0.0005614830654428868
2300,0.3109963038024923
2301,0.999999955491971
2302,0.9667757033583146
2303,0.9999999005412136
2304,1.5839932376432543e-05
2305,0.9170197054397725
2306,0.9999978030679101
2307,0.015967416601413514
2308,6.229385223929246e-05
2309,0.9740624420130976
2310,3.0299431074490513e-06
2311,0.9958984811792307
2312,0.999782674383599
2313,0.9999987370195629
2314,0.9962241346746262
2315,8.261917331953968e-07
2316,0.00016000249935629095
2317,0.9999999705276745
2318,0.9945189491574612
2319,0.0723375680669185
2320,7.178241028965927e-07
2321,0.9896794761521498
2322,0.0009546964506559599
2323,4.109589315409809e-05
2324,5.359052218459019e-05
2325,3.7372161123281905e-06
2326,0.9637075892062756
2327,5.011730860224878e-07
2328,0.8594953521330718
2329,5.656308902174842e-05
2330,0.9999999895597237
2331,0.9999906410082794
2332,0.9998015726853601
2333,0.000550374750195246
2334,0.9995656026510533
2335,0.9998310668626388
2336,0.9999490208651557
2337,4.5876511912917755e-05
2338,0.9997959133095066
2339,3.585999758982819e-08
2340,2.0051232281783497e-07
2341,0.03429610121019123
2342,3.9393149219510045e-06
2343,0.9999913879843653
2344,0.9994567560381931
2345,0.9997203815434704
2346,0.056754154451030894
2347,0.9999895988938803
2348,0.9999996091201035
2349,1.2099131963681065e-05
2350,0.9941198538588017
2351,0.9999976240476242
2352,6.747418763612209e-08
2353,0.999996669453176
2354,0.00010624896205338394
2355,0.10640849943097212
2356,1.977765443740156e-05
2357,0.9499139015450049
2358,0.16453399737005822
2359,1.6555510618871455e-09
2360,0.9999995108023949
2361,0.9967440233166239
2362,3.43099026834099e-11
2363,0.0003896063685293458
2364,0.9998318182076338
2365,0.0002166977988293079
2366,0.001657691383304026
2367,0.9999429128246413
2368,0.9997733765439862
2369,0.10358202035799542
2370,0.9414250854235482
2371,0.9609619950438332
2372,0.9999960582438315
2373,0.000640740291716792
2374,1.0135137517415717e-05
2375,0.9975068705912418
2376,0.0013401482522716222
2377,0.9725710604340508
2378,0.9999999768266624
2379,0.0015201378840744404
2380,0.0012572546295547874
2381,0.9998727774572269
2382,0.9999827565859162
2383,0.9999902253613051
2384,3.7450547318129866e-05
2385,0.9895069298487146
2386,0.00024455710232930563
2387,0.9999954207401374
2388,0.9999324472500988
2389,0.004220322359992026
2390,3.450711258867059e-10
2391,0.0011959793759682854
2392,0.003986054291416467
2393,0.9960085650047269
2394,0.9998081608727934
2395,5.3598240089375285e-05
2396,0.92411768455729
2397,0.9999999882294032
2398,0.9998852585651031
2399,0.9976941905842065
2400,0.0006330174413186791
2401,3.460729231320497e-07
2402,0.9999999744385526
2403,0.000344493066039958
2404,0.9999700742026106
2405,0.999999684682221
2406,0.9999997499499659
2407,0.9999998750439026
2408,0.9999976202721522
2409,0.01604907879782878
2410,0.9999787899498177
2411,4.4063519235972757e-07
2412,0.0006239799928759558
2413,0.9999999874888531
2414,0.0003391403070477208
2415,0.9999045553372932
2416,0.0001876886735143729
2417,0.9138890250172451
2418,0.011691383138644497
2419,1.0318758491705987e-09
2420,0.9999807155162197
2421,0.01500432118716792
2422,0.0012374743829804782
2423,0.9999999354812504
2424,1.702699974868298e-05
2425,0.00034780578404481596
2426,0.9992813246883431
2427,1.9372537889318935e-06
2428,1.7227005051065937e-06
2429,0.9988463466685081
2430,0.000325895434747346
2431,0.9999956977565336
2432,0.99999356547466
2433,0.005690820342020269
2434,0.9958287336040914
2435,0.9999555546071782
2436,0.002860006078017427
2437,0.9999999749288515
2438,0.9999978858528694
2439,0.9999872965328881
2440,0.9999999305604089
2441,0.9994369403059238
2442,0.9946205519611705
2443,2.8550596730038036e-05
2444,0.9999999855550381
2445,1.3543213320198457e-09
2446,0.00016273321307112645
2447,0.9999959881898299
2448,0.9975984130986565
2449,0.9974482709325813
2450,2.8813783959339643e-07
2451,5.973312928331482e-06
2452,6.892905807346301e-05
2453,0.999897586570048
2454,1.0346045961658145e-05
2455,0.00038110167543652595
2456,0.9857964910604027
2457,0.9999994930708865
2458,0.7144407083575918
2459,0.276315482722481
2460,3.383511917697644e-07
2461,0.9998201690956919
2462,0.9997816718365751
2463,0.999994260052137
2464,0.9940519379151701
2465,0.9998385991719626
2466,7.891074637267486e-06
2467,0.11671415423000105
2468,0.966421223852179
2469,3.0876726398630555e-07
2470,0.8685585294976994
2471,0.9999602557025171
2472,0.9909555324929485
2473,2.2349000031273263e-11
2474,0.9999983563247482
2475,0.8540471028061123
2476,0.019405812244999605
2477,0.9653108072751577
2478,0.9999609286929617
2479,0.9991415877919253
2480,4.346048115097888e-05
2481,2.417779983901182e-07
2482,0.9999969012318993
2483,0.998154858956827
2484,3.101046001809753e-08
2485,0.4962709711906983
2486,0.9999974029758976
2487,0.9999996105773781
2488,0.00011096915620272983
2489,4.500699235002419e-06
2490,0.999966459770032
2491,0.9999962126602858
2492,7.031311689538187e-05
2493,0.9999350934368185
2494,0.9999995646359837
2495,0.9894939614032238
2496,0.9999860100577229
2497,0.746563541653289
2498,0.0006105379046536373
2499,0.0009855238823394616
2500,0.0002400271618447785
2501,0.9999402931069832
2502,0.9999983105316196
2503,0.9948111745615226
2504,0.9998431405486842
2505,0.9999999999964104
2506,0.9999918068192495
2507,0.010204780981288214
2508,1.5012166184402512e-05
2509,0.005257842668644371
2510,0.9999494431756186
2511,0.9999308859816683
2512,0.9953714152786746
2513,0.00052812440240856
2514,0.999999139559106
2515,1.1904671275443614e-05
2516,2.329525750212128e-07
2517,0.9966369797346332
2518,0.9987732157186563
2519,4.040619979702084e-07
2520,0.9999997591530916
2521,0.999643249405997
2522,6.966016844757884e-11
2523,0.9999927939515562
2524,0.00011290859142925164
2525,0.0005258022118250512
2526,0.9999997130264191
2527,0.0012861817098614697
2528,0.9876180143464813
2529,0.9999372604444866
2530,0.9999999263474081
2531,2.332123579825174e-05
2532,0.9999712289311362
2533,0.9999999236198568
2534,0.9995726442422328
2535,0.9969655194882311
2536,0.9996589976551618
2537,1.666912400401524e-05
2538,0.9999490274731782
2539,0.00029005416834868686
2540,0.9999435666566822
2541,0.9999457560271454
2542,0.9997582979885412
2543,0.003130988507368882
2544,0.0001215690288056659
2545,0.9999994924349427
2546,0.7345158586047998
2547,0.003778858696990485
2548,2.8240647743414615e-06
2549,0.9931965690674929
2550,0.0015630837256247144
2551,0.9948306801455354
2552,0.00042031210717022766
2553,0.9992134835047005
2554,9.812004550728344e-10
2555,0.9984736949240317
2556,5.383633196336527e-07
2557,2.1491656563598114e-05
2558,0.08217213796579673
2559,0.9956357901985852
2560,4.174812691143738e-06
2561,2.6062247032209127e-05
2562,0.9998471152757438
2563,0.000789775691426422
2564,0.9999996571602084
2565,1.3433263428273697e-06
2566,0.9979783956202367
2567,9.926389618122312e-08
2568,2.6903918713844007e-05
2569,0.9991995238962322
2570,4.436864683233324e-07
2571,7.956366045312742e-07
2572,0.00012446292574529017
2573,0.9999951409384374
2574,0.9642600758193538
2575,0.0338356773234198
2576,0.9995841948327513
2577,0.9999612942593147
2578,0.9919779955726924
2579,0.00020370345340208742
2580,0.2994253763478026
2581,0.0006098467712357033
2582,0.9996884086072948
2583,0.999874049555812
2584,1.2910667649915509e-05
2585,0.9983223667827678
2586,0.9988737921926191
2587,0.012832302392812432
2588,0.9996529418323624
2589,0.9931629428500074
2590,1.422855216028299e-08
2591,0.9994173232634975
2592,0.9998677879955126
2593,0.9990787044813059
2594,0.9999887213718057
2595,0.9999758299472594
2596,0.9991286260499185
2597,0.9636903919404187
2598,0.9999267937867914
2599,0.9999945749879589
2600,0.9986728475369596
2601,7.93725853769435e-06
2602,0.9994834616949331
2603,0.2060797003835682
2604,0.9999065029605392
2605,0.8738140447279602
2606,5.692557486811082e-06
2607,0.9981483573419092
2608,0.07328306911665111
2609,1.1251922246000603e-08
2610,0.9999979651697276
2611,0.9999971195156506
2612,0.001554763005010899
2613,0.9999999532749555
2614,1.8449711622100137e-05
2615,0.9993532569323482
2616,0.9999986493259305
2617,0.0008630756154852323
2618,0.9983084936950282
2619,0.11815118307555787
2620,0.9909943723578256
2621,0.9999994585440742
2622,0.0001624740748432181
2623,0.9999780066679116
2624,8.582761241964479e-06
2625,0.9999992781406651
2626,0.0001484862645607458
2627,0.9999522080119629
2628,0.9999545267654152
2629,7.121851359392563e-05
2630,0.9999997278906828
2631,2.8773480338548126e-06
2632,0.0019418228325729574
2633,0.9999992461994784
2634,0.9999983490869023
2635,0.9999991052921953
2636,0.9949456184465175
2637,0.9999775587465651
2638,0.9999580070379543
2639,0.029555828044839562
2640,0.9594974781778929
2641,0.9943477998255059
2642,4.808735011355159e-10
2643,0.008987051257603157
2644,0.9999999965649473
2645,0.9342320201975651
2646,0.13421380093360444
2647,0.9112094286577532
2648,1.246665812140628e-05
2649,0.0019522541490618061
2650,1.518063577500985e-07
2651,2.4672488308867232e-09
2652,0.00028644962790069843
2653,0.9912850176030875
2654,0.9999255395530554
2655,0.0007462762094996551
2656,0.9999996372041948
2657,0.030461320330158786
2658,0.9993020613328631
2659,0.00017175578468093297
2660,0.9999990964599771
2661,2.2979461962654805e-15
2662,2.5458101833775857e-05
2663,1.0361708874595128e-05
2664,0.00035010667171164007
2665,0.9991649115857418
2666,0.0008974391995248301
2667,1.9951979642056955e-09
2668,0.003120677403197311
2669,3.230879426106018e-11
2670,0.9999759612016907
2671,0.9999886918864546
2672,0.9999310187505678
2673,0.9999999999423452
2674,0.9999999023385793
2675,0.9999951509596602
2676,0.9791361109229721
2677,0.9999444901504745
2678,2.958624503752383e-09
2679,2.018991032272632e-05
2680,5.51981194031802e-07
2681,0.9999631655202339
2682,0.04462003671381831
2683,0.6151862204331611
2684,0.9647913677790528
2685,7.521559260798766e-09
2686,3.2352823384245887e-09
2687,0.999970688374466
2688,0.0003946578934181391
2689,0.999823322038801
2690,0.999605130642277
2691,0.9999674658724113
2692,6.553551114545222e-05
2693,1.3712020997655268e-05
2694,0.9997962787595095
2695,0.9999919969371568
2696,0.3239516347268812
2697,0.9999999985000463
2698,8.747412760151884e-12
2699,0.999990326115209
2700,8.043706669349125e-05
2701,0.99999565644719
2702,0.4480031885278182
2703,0.9999991327801672
2704,5.689140603405785e-06
2705,1.3835620526908853e-06
2706,0.9999811485262312
2707,0.16102868385282681
2708,0.010910743492061807
2709,0.0002919416556438843
2710,3.662294150834718e-05
2711,0.00010620743452548641
2712,0.9999976885804719
2713,5.896201401869658e-06
2714,1.4627423830778016e-10
2715,0.9999180224597606
2716,0.9992923865079719
2717,0.9999968336589906
2718,0.9999859027193063
2719,0.999530263271769
2720,0.9946034874105878
2721,0.01605656267793094
2722,0.9999998055345375
2723,0.9717131401024766
2724,2.655011043545523e-10
2725,0.0023211366869910397
2726,4.440193185173079e-07
2727,5.827397805151743e-10
2728,0.005011671274926606
2729,2.5344257148700803e-07
2730,5.689266276991397e-11
2731,0.00894647058604056
2732,0.9999999996362681
2733,0.9887396851607161
2734,0.9999980601045975
2735,0.9570330828489194
2736,0.9999999999302815
2737,8.468153764872913e-09
2738,1.0901578042050565e-05
2739,0.7029096064502041
2740,0.9999855394759155
2741,0.9999983596760579
2742,0.9999748139980046
2743,0.9999997385630228
2744,0.002164639503611992
2745,0.9999416542605263
2746,1.4556202921775013e-06
2747,0.9999517141594633
2748,0.9999008896455477
2749,1.8155281408613306e-09
2750,0.9839102061183004
2751,0.9972631242394862
2752,0.0020120878467169987
2753,1.4863589241969291e-09
2754,0.9992944386576478
2755,0.9997960527602995
2756,0.9999999416108908
2757,0.00019452305775399215
2758,0.9999995255355161
2759,0.9996672438320591
2760,0.09257644876861457
2761,0.999719879609932
2762,3.352624849508753e-06
2763,2.531620805423959e-06
2764,0.999997729279415
2765,3.7454583466253066e-05
2766,0.9997493610613547
2767,2.9864012438548595e-05
2768,1.4034239564229687e-08
2769,3.97382875134353e-05
2770,0.003029521074594058
2771,0.9368246667817718
2772,2.43197185922686e-07
2773,0.006675545864546694
2774,0.007129508871988222
2775,2.4345229143411773e-06
2776,4.950467934256982e-06
2777,0.9999602174718171
2778,0.999988939318014
2779,0.9999884043908681
2780,0.0001373555508098805
2781,0.999980630394736
2782,0.9999908505038538
2783,5.775923881040066e-10
2784,1.0024495288285941e-06
2785,2.791468420654322e-07
2786,0.9999145900719324
2787,0.9937059584129483
2788,5.593795772265013e-07
2789,0.9994950725588312
2790,0.02503731358047198
2791,0.9999820578021319
2792,9.24712918177428e-05
2793,0.9999899537615404
2794,0.9999472884298367
2795,0.9944772107504415
2796,0.9274617045778186
2797,0.0010050853441703146
2798,0.9985771712667493
2799,0.9999915593360802
2800,1.2929397114369865e-05
2801,6.412121800084468e-05
2802,1.1933162521327944e-08
2803,0.999845704622159
2804,0.9999999996098496
2805,2.7586275292549065e-05
2806,0.9999725316954415
2807,6.74740451254226e-06
2808,5.972346175121388e-07
2809,0.9999332119514255
2810,0.9998508447382544
2811,0.9999983757688133
2812,0.3229664391133785
2813,0.30555506862343385
2814,0.9861516746582017
2815,1.6626221804354583e-05
2816,0.9999963926004296
2817,0.9911579269593415
2818,0.00047361978407670763
2819,2.4452577438239073e-13
2820,0.9991174904954198
2821,1.8214029214098097e-07
2822,0.0005364154345156657
2823,0.9999878261977984
2824,0.9996531717816058
2825,0.9997743121653874
2826,0.9999968558156219
2827,5.672213982525719e-08
2828,0.9913179528421331
2829,0.994596965547484
2830,0.006076148558431802
2831,2.8419725094608244e-08
2832,0.9215496004759096
2833,2.963504307789875e-06
2834,0.9612678544991855
2835,0.0026081703990370503
2836,3.32119845317616e-11
2837,0.9911087120726002
2838,0.9999986670958122
2839,0.9871629843170935
2840,3.208449994176849e-06
2841,1.2633630935441513e-10
2842,1.0130029692117847e-05
2843,1.9183025520466053e-08
2844,0.9742283119708114
2845,3.703889091976998e-07
2846,0.9999612492149906
2847,0.999962184323233
2848,0.9999577987251541
2849,0.0017773625888993468
2850,0.0038369930683724543
2851,9.929059331542887e-08
2852,0.9999373516339359
2853,4.15734997794115e-06
2854,0.9974335448863687
2855,0.011775679738169639
2856,0.0003255779257536336
2857,1.2468148940878493e-07
2858,5.34948150889268e-12
2859,0.9996054410322077
2860,0.0011223210113098607
2861,0.9999707841844862
2862,0.9999984890270408
2863,0.9999936906617398
2864,0.0030267682540970277
2865,0.435967554509508
2866,0.9992484878307284
2867,0.9999240222629613
2868,0.0002014288440599739
2869,0.009607044359035288
2870,0.9999999779927093
2871,0.00010254534986786392
2872,0.9999999973950195
2873,0.9971525288226148
2874,4.4976069978475345e-08
2875,0.0002835432124522412
2876,0.9992026797263227
2877,0.00015988579760223414
2878,0.9999996071869057
2879,0.9999061900170321
2880,0.9999712895857156
2881,2.1475258690100472e-05
2882,0.9999952378053093
2883,0.9999999558990966
2884,1.2213886627021802e-06
2885,1.0459530652177563e-09
2886,0.9983644628227248
2887,0.00023433875096342448
2888,2.2500370988697578e-05
2889,0.9999906584198277
2890,0.9999966249281467
2891,0.9981097240128657
2892,0.9970090699083537
2893,0.999890247826571
2894,0.00024372694454381555
2895,0.999742544558086
2896,0.9999937856997843
2897,0.9999889488384431
2898,1.5030070637077391e-05
2899,0.9663540201549229
2900,0.0043973786865504965
2901,0.9999642450177506
2902,0.9998748113354303
2903,0.9998642390617014
2904,0.17050672286055352
2905,0.9999703444766478
2906,0.9999801233047585
2907,0.0033442549228881024
2908,1.0688248679802222e-09
2909,0.7732442023545995
2910,0.9973056494672121
2911,5.644179889472305e-07
2912,0.98134194142724
2913,2.2490950322491347e-09
2914,0.9947682716158956
2915,0.9997320154572001
2916,0.9999439577817466
2917,0.9999961929021547
2918,0.9999968475972542
2919,0.999912967672496
2920,4.599892650219918e-05
2921,0.9991964677635978
2922,0.9999990361320346
2923,0.9999835048275487
2924,8.831277965375595e-05
2925,0.9981362783470195
2926,0.9999865847246114
2927,4.753870178544201e-06
2928,1.1877189277747128e-12
2929,3.6570417543864605e-10
2930,0.9874959681388696
2931,0.9999912778720733
2932,0.984454999850643
2933,8.001050986037691e-05
2934,0.9999415266225692
2935,0.9952017290673845
2936,0.9999998862408596
2937,0.0006825536068371016
2938,6.156446363479361e-05
2939,0.9999326027062927
2940,0.0001603675029370126
2941,0.00041789290543852516
2942,0.9988181496703744
2943,9.262320605911589e-07
2944,0.00020555012724927655
2945,0.9993300952711637
2946,0.9999982940233743
2947,0.0010740568213628977
2948,6.897368832634438e-10
2949,0.9999323800597799
2950,0.01697314941142676
2951,0.762843830271842
2952,0.00035494838243666996
2953,0.9997244365022808
2954,0.041410105855297315
2955,0.9999697138796818
2956,2.934972342755466e-11
2957,0.001608084379317395
2958,0.9999981125677032
2959,0.002233428625804046
2960,0.9774854838029472
2961,0.0015392611388558132
2962,0.9999993720313118
2963,0.9999959212129023
2964,3.0172646796828676e-06
2965,0.9997384736284994
2966,1.064767461794693e-06
2967,0.9959752873639608
2968,0.999991129106651
2969,3.7851248054073717e-10
2970,0.9999999767250155
2971,0.9999999300192404
2972,5.935766929244446e-05
2973,0.9983308986485232
2974,0.000353685440715727
2975,0.9999998611536862
2976,0.9991258741832754
2977,0.9950000339848953
2978,0.00027449283281548177
2979,0.9990720035982442
2980,2.2100331261766114e-07
2981,6.189163229657912e-11
2982,3.988312108210004e-05
2983,0.9963776838991648
2984,0.9999999625969883
2985,0.00014433409429381947
2986,1.6281400558480067e-05
2987,0.0003772805064184513
2988,0.9999109822961078
2989,4.997650526003808e-09
2990,2.23155214550627e-06
2991,0.9992760953992202
2992,0.9988086652043449
2993,0.00011944684327368665
2994,0.99978336739005
2995,0.9999983006016775
2996,2.0691979244935596e-05
2997,0.9990347137617009
2998,0.9341514011968696
2999,0.9971621248425901
3000,0.7885933748460696
3001,8.991872007854578e-06
3002,0.9999873200110437
3003,0.9985318020533548
3004,0.9987323154974447
3005,0.9999997175939557
3006,0.9999933376703594
3007,0.9999999742059245
3008,1.6174476265983367e-10
3009,0.04109657527806069
3010,1.5047905129005499e-05
3011,3.561923665048729e-07
3012,0.9996857209486316
3013,9.795656671899892e-12
3014,0.9978817800742884
3015,0.9999740642727651
3016,0.001673659976445548
3017,0.9999961313345097
3018,0.998631166655364
3019,0.9997501427714007
3020,0.0002881291512801188
3021,0.9999261015747059
3022,0.9999999810759758
3023,0.9997276025054118
3024,0.0016028855928931411
3025,0.9990101736560357
3026,0.9999787419701998
3027,0.0006848588433656517
3028,0.0003847909042516506
3029,0.0004945459941896267
3030,0.9999753636713544
3031,0.9999371496222057
3032,0.00017759821300375092
3033,0.00023371836673785146
3034,6.232442262489045e-06
3035,0.9999645124858816
3036,2.11022217430522e-06
3037,0.00906696081778627
3038,0.9985602071783977
3039,0.9999647683015315
3040,0.9903873477484376
3041,0.9999239728636613
3042,8.319708879390674e-05
3043,0.9635813129458248
3044,0.0001375212321491728
3045,5.859216738354827e-05
3046,0.9999999855884074
3047,0.9984268573255016
3048,0.0004080707124055584
3049,0.9999898824651275
3050,0.9999099282007934
3051,0.9735656655404156
3052,0.49355519310975055
3053,0.9982523716005143
3054,0.005225674424126882
3055,5.393396065523051e-05
3056,0.9964497256268979
3057,7.607972480264236e-05
3058,0.00026096326922498986
3059,0.026925588450674266
3060,0.9971840766857075
3061,1.3940751063451793e-05
3062,0.9843558462901003
3063,4.444030241641875e-06
3064,1.3345346301647714e-09
3065,0.9991354233464782
3066,5.684949624520948e-08
3067,0.9999997201903125
3068,1.2957825686491786e-09
3069,0.9999991694369393
3070,0.9938470267972875
3071,0.9993585591006948
3072,1.1901734418389144e-05
3073,1.9292974975587184e-05
3074,0.999962460271462
3075,0.9998458637869454
3076,0.9999388991608896
3077,0.6329229502810023
3078,2.6778379102730163e-09
3079,0.9999983521315
3080,0.9722434658039979
3081,0.9998964633319627
3082,2.278893972003738e-06
3083,8.331618182806008e-11
3084,0.001007073826509254
3085,0.00031860301911977785
3086,0.9999989546747732
3087,5.463688634582071e-05
3088,0.00017057124039073458
3089,2.6605231979333763e-08
3090,0.00028066840124708133
3091,0.9999999993236974
3092,0.9992494759544758
3093,4.765024186142867e-10
3094,0.8777813501401465
3095,0.0006336574849661488
3096,0.969000413584717
3097,2.7117855599046124e-06
3098,0.9986612065107294
3099,0.9999536159591792
3100,0.9995519204778838
3101,0.008527116140620109
3102,0.999972379780408
3103,0.00021018935598111715
3104,0.9997403515216884
3105,0.00038687656017700274
3106,0.00020574786735236443
3107,0.21501307248559257
3108,0.02145178747708263
3109,0.004674173766597521
3110,0.0011983376270951773
3111,0.9997380653603897
3112,0.9997018996858151
3113,0.9960073296672624
3114,0.9961168277485859
3115,0.00011339700416226516
3116,3.505716928984864e-05
3117,0.9999292806744176
3118,0.9940343881250623
3119,0.00031687829745948986
3120,0.9999234384970936
3121,0.00091803015565738
3122,0.0014388543071798712
3123,7.28653672951378e-05
3124,0.9999989394411367
3125,0.993694451235596
3126,9.950757639531113e-09
3127,0.9999996191078667
3128,0.9999823361872058
3129,5.137018615511808e-08
3130,0.9851084631258228
3131,0.9891420568383759
3132,0.046107925280691166
3133,0.007148424943746638
3134,0.9968685739628024
3135,0.27104307105447445
3136,0.9996730077976743
3137,0.9999987362842029
3138,0.000649170890423378
3139,0.03224043868820323
3140,0.9998556957086406
3141,7.351159066283973e-07
3142,0.9998524825213448
3143,0.9999983672855913
3144,0.0004359668262831989
3145,0.9999554932908911
3146,0.9999930212961492
3147,0.9995155140486632
3148,0.9999008617922505
3149,0.9989593655462469
3150,0.0001409684526122581
3151,0.9999743544232976
3152,1.1431349062073409e-06
3153,2.967419333465508e-10
3154,0.9984638505135988
3155,0.005876641933407054
3156,0.9541152558372005
3157,0.9999958002662821
3158,0.0003682107643880527
3159,1.0082011308800639e-06
3160,0.00014227136334771988
3161,1.8854707358196704e-07
3162,0.005427562991294493
3163,0.9998362643567789
3164,8.157941535680757e-06
3165,0.9999757132627591
3166,0.28942799195731767
3167,8.309265320194007e-06
3168,0.03497504547462081
3169,0.14300693915726997
3170,0.9988473113775573
3171,0.9999244185225195
3172,0.999996338811751
3173,0.999544103566642
3174,0.9999961554868487
3175,1.5901012036148532e-08
3176,0.9999956058866726
3177,0.9999098918656082
3178,0.00010019857288836239
3179,0.9801423721026813
3180,0.9956165405769438
3181,0.0017298780978248847
3182,3.4157326491644683e-06
3183,0.9978108299022458
3184,0.00012882495386256612
3185,0.9828085512750265
3186,0.0003540363485672856
3187,0.001528503707388749
3188,1.5615227411805007e-09
